"target","period","day","month","price","price_p1","price_p2","price_p3","price_p4","price_p5","mean_5","median_5","max_5","min_5"
1828.6,2021-12-30,"5","12",1814.1,1805.8,1810.9,1808.8,1811.7,1802.2,1810.26,1810.9,1814.1,1805.8
1814.1,2021-12-29,"4","12",1805.8,1810.9,1808.8,1811.7,1802.2,1788.7,1807.88,1808.8,1811.7,1802.2
1805.8,2021-12-28,"3","12",1810.9,1808.8,1811.7,1802.2,1788.7,1794.6,1804.46,1808.8,1811.7,1788.7
1810.9,2021-12-27,"2","12",1808.8,1811.7,1802.2,1788.7,1794.6,1804.9,1801.2,1802.2,1811.7,1788.7
1808.8,2021-12-23,"5","12",1811.7,1802.2,1788.7,1794.6,1804.9,1798.2,1800.42,1802.2,1811.7,1788.7
1811.7,2021-12-22,"4","12",1802.2,1788.7,1794.6,1804.9,1798.2,1764.5,1797.72,1798.2,1804.9,1788.7
1802.2,2021-12-21,"3","12",1788.7,1794.6,1804.9,1798.2,1764.5,1772.3,1790.18,1794.6,1804.9,1764.5
1788.7,2021-12-20,"2","12",1794.6,1804.9,1798.2,1764.5,1772.3,1788.3,1786.9,1794.6,1804.9,1764.5
1794.6,2021-12-17,"6","12",1804.9,1798.2,1764.5,1772.3,1788.3,1784.8,1785.64,1788.3,1804.9,1764.5
1804.9,2021-12-16,"5","12",1798.2,1764.5,1772.3,1788.3,1784.8,1776.7,1781.62,1784.8,1798.2,1764.5
1798.2,2021-12-15,"4","12",1764.5,1772.3,1788.3,1784.8,1776.7,1785.5,1777.32,1776.7,1788.3,1764.5
1764.5,2021-12-14,"3","12",1772.3,1788.3,1784.8,1776.7,1785.5,1784.7,1781.52,1784.8,1788.3,1772.3
1772.3,2021-12-13,"2","12",1788.3,1784.8,1776.7,1785.5,1784.7,1779.5,1784,1784.8,1788.3,1776.7
1788.3,2021-12-10,"6","12",1784.8,1776.7,1785.5,1784.7,1779.5,1783.9,1782.24,1784.7,1785.5,1776.7
1784.8,2021-12-09,"5","12",1776.7,1785.5,1784.7,1779.5,1783.9,1762.7,1782.06,1783.9,1785.5,1776.7
1776.7,2021-12-08,"4","12",1785.5,1784.7,1779.5,1783.9,1762.7,1784.3,1779.26,1783.9,1785.5,1762.7
1785.5,2021-12-07,"3","12",1784.7,1779.5,1783.9,1762.7,1784.3,1776.5,1779.02,1783.9,1784.7,1762.7
1784.7,2021-12-06,"2","12",1779.5,1783.9,1762.7,1784.3,1776.5,1785.2,1777.38,1779.5,1784.3,1762.7
1779.5,2021-12-03,"6","12",1783.9,1762.7,1784.3,1776.5,1785.2,1788.1,1778.52,1783.9,1785.2,1762.7
1783.9,2021-12-02,"5","12",1762.7,1784.3,1776.5,1785.2,1788.1,1786.9,1779.36,1784.3,1788.1,1762.7
1762.7,2021-12-01,"4","12",1784.3,1776.5,1785.2,1788.1,1786.9,1786.3,1784.2,1785.2,1788.1,1776.5
1784.3,2021-11-30,"3","11",1776.5,1785.2,1788.1,1786.9,1786.3,1809.1,1784.6,1786.3,1788.1,1776.5
1776.5,2021-11-29,"2","11",1785.2,1788.1,1786.9,1786.3,1809.1,1854.3,1791.12,1786.9,1809.1,1785.2
1785.2,2021-11-26,"6","11",1788.1,1786.9,1786.3,1809.1,1854.3,1864,1804.94,1788.1,1854.3,1786.3
1788.1,2021-11-24,"4","11",1786.9,1786.3,1809.1,1854.3,1864,1872.8,1820.12,1809.1,1864,1786.3
1786.9,2021-11-23,"3","11",1786.3,1809.1,1854.3,1864,1872.8,1854.1,1837.3,1854.3,1872.8,1786.3
1786.3,2021-11-22,"2","11",1809.1,1854.3,1864,1872.8,1854.1,1866.6,1850.86,1854.3,1872.8,1809.1
1809.1,2021-11-19,"6","11",1854.3,1864,1872.8,1854.1,1866.6,1868.5,1862.36,1864,1872.8,1854.1
1854.3,2021-11-18,"5","11",1864,1872.8,1854.1,1866.6,1868.5,1863.9,1865.2,1866.6,1872.8,1854.1
1864,2021-11-17,"4","11",1872.8,1854.1,1866.6,1868.5,1863.9,1848.3,1865.18,1866.6,1872.8,1854.1
1872.8,2021-11-16,"3","11",1854.1,1866.6,1868.5,1863.9,1848.3,1830.8,1860.28,1863.9,1868.5,1848.3
1854.1,2021-11-15,"2","11",1866.6,1868.5,1863.9,1848.3,1830.8,1828,1855.62,1863.9,1868.5,1830.8
1866.6,2021-11-12,"6","11",1868.5,1863.9,1848.3,1830.8,1828,1816.8,1847.9,1848.3,1868.5,1828
1868.5,2021-11-11,"5","11",1863.9,1848.3,1830.8,1828,1816.8,1793.5,1837.56,1830.8,1863.9,1816.8
1863.9,2021-11-10,"4","11",1848.3,1830.8,1828,1816.8,1793.5,1763.9,1823.48,1828,1848.3,1793.5
1848.3,2021-11-09,"3","11",1830.8,1828,1816.8,1793.5,1763.9,1789.4,1806.6,1816.8,1830.8,1763.9
1830.8,2021-11-08,"2","11",1828,1816.8,1793.5,1763.9,1789.4,1795.8,1798.32,1793.5,1828,1763.9
1828,2021-11-05,"6","11",1816.8,1793.5,1763.9,1789.4,1795.8,1783.9,1791.88,1793.5,1816.8,1763.9
1816.8,2021-11-04,"5","11",1793.5,1763.9,1789.4,1795.8,1783.9,1802.6,1785.3,1789.4,1795.8,1763.9
1793.5,2021-11-03,"4","11",1763.9,1789.4,1795.8,1783.9,1802.6,1798.8,1787.12,1789.4,1802.6,1763.9
1763.9,2021-11-02,"3","11",1789.4,1795.8,1783.9,1802.6,1798.8,1793.4,1794.1,1795.8,1802.6,1783.9
1789.4,2021-11-01,"2","11",1795.8,1783.9,1802.6,1798.8,1793.4,1806.8,1794.9,1795.8,1802.6,1783.9
1795.8,2021-10-29,"6","10",1783.9,1802.6,1798.8,1793.4,1806.8,1796.3,1797.1,1798.8,1806.8,1783.9
1783.9,2021-10-28,"5","10",1802.6,1798.8,1793.4,1806.8,1796.3,1781.9,1799.58,1798.8,1806.8,1793.4
1802.6,2021-10-27,"4","10",1798.8,1793.4,1806.8,1796.3,1781.9,1784.9,1795.44,1796.3,1806.8,1781.9
1798.8,2021-10-26,"3","10",1793.4,1806.8,1796.3,1781.9,1784.9,1770.5,1792.66,1793.4,1806.8,1781.9
1793.4,2021-10-25,"2","10",1806.8,1796.3,1781.9,1784.9,1770.5,1765.7,1788.08,1784.9,1806.8,1770.5
1806.8,2021-10-22,"6","10",1796.3,1781.9,1784.9,1770.5,1765.7,1768.3,1779.86,1781.9,1796.3,1765.7
1796.3,2021-10-21,"5","10",1781.9,1784.9,1770.5,1765.7,1768.3,1797.9,1774.26,1770.5,1784.9,1765.7
1781.9,2021-10-20,"4","10",1784.9,1770.5,1765.7,1768.3,1797.9,1794.7,1777.46,1770.5,1797.9,1765.7
1784.9,2021-10-19,"3","10",1770.5,1765.7,1768.3,1797.9,1794.7,1759.3,1779.42,1770.5,1797.9,1765.7
1770.5,2021-10-18,"2","10",1765.7,1768.3,1797.9,1794.7,1759.3,1755.7,1777.18,1768.3,1797.9,1759.3
1765.7,2021-10-15,"6","10",1768.3,1797.9,1794.7,1759.3,1755.7,1757.4,1775.18,1768.3,1797.9,1755.7
1768.3,2021-10-14,"5","10",1797.9,1794.7,1759.3,1755.7,1757.4,1759.2,1773,1759.3,1797.9,1755.7
1797.9,2021-10-13,"4","10",1794.7,1759.3,1755.7,1757.4,1759.2,1761.8,1765.26,1759.2,1794.7,1755.7
1794.7,2021-10-12,"3","10",1759.3,1755.7,1757.4,1759.2,1761.8,1760.9,1758.68,1759.2,1761.8,1755.7
1759.3,2021-10-11,"2","10",1755.7,1757.4,1759.2,1761.8,1760.9,1767.6,1759,1759.2,1761.8,1755.7
1755.7,2021-10-08,"6","10",1757.4,1759.2,1761.8,1760.9,1767.6,1758.4,1761.38,1760.9,1767.6,1757.4
1757.4,2021-10-07,"5","10",1759.2,1761.8,1760.9,1767.6,1758.4,1757,1761.58,1760.9,1767.6,1758.4
1759.2,2021-10-06,"4","10",1761.8,1760.9,1767.6,1758.4,1757,1722.9,1761.14,1760.9,1767.6,1757
1761.8,2021-10-05,"3","10",1760.9,1767.6,1758.4,1757,1722.9,1737.5,1753.36,1758.4,1767.6,1722.9
1760.9,2021-10-04,"2","10",1767.6,1758.4,1757,1722.9,1737.5,1752,1748.68,1757,1767.6,1722.9
1767.6,2021-10-01,"6","10",1758.4,1757,1722.9,1737.5,1752,1751.7,1745.56,1752,1758.4,1722.9
1758.4,2021-09-30,"5","09",1757,1722.9,1737.5,1752,1751.7,1749.8,1744.22,1751.7,1757,1722.9
1757,2021-09-29,"4","09",1722.9,1737.5,1752,1751.7,1749.8,1778.8,1742.78,1749.8,1752,1722.9
1722.9,2021-09-28,"3","09",1737.5,1752,1751.7,1749.8,1778.8,1778.2,1753.96,1751.7,1778.8,1737.5
1737.5,2021-09-27,"2","09",1752,1751.7,1749.8,1778.8,1778.2,1763.8,1762.1,1752,1778.8,1749.8
1752,2021-09-24,"6","09",1751.7,1749.8,1778.8,1778.2,1763.8,1751.4,1764.46,1763.8,1778.8,1749.8
1751.7,2021-09-23,"5","09",1749.8,1778.8,1778.2,1763.8,1751.4,1756.7,1764.4,1763.8,1778.8,1749.8
1749.8,2021-09-22,"4","09",1778.8,1778.2,1763.8,1751.4,1756.7,1794.8,1765.78,1763.8,1778.8,1751.4
1778.8,2021-09-21,"3","09",1778.2,1763.8,1751.4,1756.7,1794.8,1807.1,1768.98,1763.8,1794.8,1751.4
1778.2,2021-09-20,"2","09",1763.8,1751.4,1756.7,1794.8,1807.1,1794.4,1774.76,1763.8,1807.1,1751.4
1763.8,2021-09-17,"6","09",1751.4,1756.7,1794.8,1807.1,1794.4,1792.1,1780.88,1794.4,1807.1,1751.4
1751.4,2021-09-16,"5","09",1756.7,1794.8,1807.1,1794.4,1792.1,1800,1789.02,1794.4,1807.1,1756.7
1756.7,2021-09-15,"4","09",1794.8,1807.1,1794.4,1792.1,1800,1793.5,1797.68,1794.8,1807.1,1792.1
1794.8,2021-09-14,"3","09",1807.1,1794.4,1792.1,1800,1793.5,1798.5,1797.42,1794.4,1807.1,1792.1
1807.1,2021-09-13,"2","09",1794.4,1792.1,1800,1793.5,1798.5,1833.7,1795.7,1794.4,1800,1792.1
1794.4,2021-09-10,"6","09",1792.1,1800,1793.5,1798.5,1833.7,1811.5,1803.56,1798.5,1833.7,1792.1
1792.1,2021-09-09,"5","09",1800,1793.5,1798.5,1833.7,1811.5,1816,1807.44,1800,1833.7,1793.5
1800,2021-09-08,"4","09",1793.5,1798.5,1833.7,1811.5,1816,1818.1,1810.64,1811.5,1833.7,1793.5
1793.5,2021-09-07,"3","09",1798.5,1833.7,1811.5,1816,1818.1,1812.2,1815.56,1816,1833.7,1798.5
1798.5,2021-09-03,"6","09",1833.7,1811.5,1816,1818.1,1812.2,1819.5,1818.3,1816,1833.7,1811.5
1833.7,2021-09-02,"5","09",1811.5,1816,1818.1,1812.2,1819.5,1795.2,1815.46,1816,1819.5,1811.5
1811.5,2021-09-01,"4","09",1816,1818.1,1812.2,1819.5,1795.2,1791,1812.2,1816,1819.5,1795.2
1816,2021-08-31,"3","08",1818.1,1812.2,1819.5,1795.2,1791,1808.5,1807.2,1812.2,1819.5,1791
1818.1,2021-08-30,"2","08",1812.2,1819.5,1795.2,1791,1808.5,1806.3,1805.28,1808.5,1819.5,1791
1812.2,2021-08-27,"6","08",1819.5,1795.2,1791,1808.5,1806.3,1784,1804.1,1806.3,1819.5,1791
1819.5,2021-08-26,"5","08",1795.2,1791,1808.5,1806.3,1784,1783.1,1797,1795.2,1808.5,1784
1795.2,2021-08-25,"4","08",1791,1808.5,1806.3,1784,1783.1,1784.4,1794.58,1791,1808.5,1783.1
1791,2021-08-24,"3","08",1808.5,1806.3,1784,1783.1,1784.4,1787.8,1793.26,1784.4,1808.5,1783.1
1808.5,2021-08-23,"2","08",1806.3,1784,1783.1,1784.4,1787.8,1789.8,1789.12,1784.4,1806.3,1783.1
1806.3,2021-08-20,"6","08",1784,1783.1,1784.4,1787.8,1789.8,1778.2,1785.82,1784.4,1789.8,1783.1
1784,2021-08-19,"5","08",1783.1,1784.4,1787.8,1789.8,1778.2,1751.8,1784.66,1784.4,1789.8,1778.2
1783.1,2021-08-18,"4","08",1784.4,1787.8,1789.8,1778.2,1751.8,1753.3,1778.4,1784.4,1789.8,1751.8
1784.4,2021-08-17,"3","08",1787.8,1789.8,1778.2,1751.8,1753.3,1731.7,1772.18,1778.2,1789.8,1751.8
1787.8,2021-08-16,"2","08",1789.8,1778.2,1751.8,1753.3,1731.7,1726.5,1760.96,1753.3,1789.8,1731.7
1789.8,2021-08-13,"6","08",1778.2,1751.8,1753.3,1731.7,1726.5,1763.1,1748.3,1751.8,1778.2,1726.5
1778.2,2021-08-12,"5","08",1751.8,1753.3,1731.7,1726.5,1763.1,1808.9,1745.28,1751.8,1763.1,1726.5
1751.8,2021-08-11,"4","08",1753.3,1731.7,1726.5,1763.1,1808.9,1814.5,1756.7,1753.3,1808.9,1726.5
1753.3,2021-08-10,"3","08",1731.7,1726.5,1763.1,1808.9,1814.5,1814.1,1768.94,1763.1,1814.5,1726.5
1731.7,2021-08-09,"2","08",1726.5,1763.1,1808.9,1814.5,1814.1,1822.2,1785.42,1808.9,1814.5,1726.5
1726.5,2021-08-06,"6","08",1763.1,1808.9,1814.5,1814.1,1822.2,1817.2,1804.56,1814.1,1822.2,1763.1
1763.1,2021-08-05,"5","08",1808.9,1814.5,1814.1,1822.2,1817.2,1835.8,1815.38,1814.5,1822.2,1808.9
1808.9,2021-08-04,"4","08",1814.5,1814.1,1822.2,1817.2,1835.8,1804.6,1820.76,1817.2,1835.8,1814.1
1814.5,2021-08-03,"3","08",1814.1,1822.2,1817.2,1835.8,1804.6,1804,1818.78,1817.2,1835.8,1804.6
1814.1,2021-08-02,"2","08",1822.2,1817.2,1835.8,1804.6,1804,1803.4,1816.76,1817.2,1835.8,1804
1822.2,2021-07-30,"6","07",1817.2,1835.8,1804.6,1804,1803.4,1805.9,1813,1804.6,1835.8,1803.4
1817.2,2021-07-29,"5","07",1835.8,1804.6,1804,1803.4,1805.9,1809.2,1810.74,1804.6,1835.8,1803.4
1835.8,2021-07-28,"4","07",1804.6,1804,1803.4,1805.9,1809.2,1807.4,1805.42,1804.6,1809.2,1803.4
1804.6,2021-07-27,"3","07",1804,1803.4,1805.9,1809.2,1807.4,1811.4,1805.98,1805.9,1809.2,1803.4
1804,2021-07-26,"2","07",1803.4,1805.9,1809.2,1807.4,1811.4,1809.2,1807.46,1807.4,1811.4,1803.4
1803.4,2021-07-23,"6","07",1805.9,1809.2,1807.4,1811.4,1809.2,1815,1808.62,1809.2,1811.4,1805.9
1805.9,2021-07-22,"5","07",1809.2,1807.4,1811.4,1809.2,1815,1829,1810.44,1809.2,1815,1807.4
1809.2,2021-07-21,"4","07",1807.4,1811.4,1809.2,1815,1829,1825,1814.4,1811.4,1829,1807.4
1807.4,2021-07-20,"3","07",1811.4,1809.2,1815,1829,1825,1809.9,1817.92,1815,1829,1809.2
1811.4,2021-07-19,"2","07",1809.2,1815,1829,1825,1809.9,1805.9,1817.62,1815,1829,1809.2
1809.2,2021-07-16,"6","07",1815,1829,1825,1809.9,1805.9,1810.6,1816.96,1815,1829,1805.9
1815,2021-07-15,"5","07",1829,1825,1809.9,1805.9,1810.6,1800.2,1816.08,1810.6,1829,1805.9
1829,2021-07-14,"4","07",1825,1809.9,1805.9,1810.6,1800.2,1802.1,1810.32,1809.9,1825,1800.2
1825,2021-07-13,"3","07",1809.9,1805.9,1810.6,1800.2,1802.1,1794.2,1805.74,1805.9,1810.6,1800.2
1809.9,2021-07-12,"2","07",1805.9,1810.6,1800.2,1802.1,1794.2,1783.3,1802.6,1802.1,1810.6,1794.2
1805.9,2021-07-09,"6","07",1810.6,1800.2,1802.1,1794.2,1783.3,1776.8,1798.08,1800.2,1810.6,1783.3
1810.6,2021-07-08,"5","07",1800.2,1802.1,1794.2,1783.3,1776.8,1771.6,1791.32,1794.2,1802.1,1776.8
1800.2,2021-07-07,"4","07",1802.1,1794.2,1783.3,1776.8,1771.6,1763.6,1785.6,1783.3,1802.1,1771.6
1802.1,2021-07-06,"3","07",1794.2,1783.3,1776.8,1771.6,1763.6,1780.7,1777.9,1776.8,1794.2,1763.6
1794.2,2021-07-02,"6","07",1783.3,1776.8,1771.6,1763.6,1780.7,1777.8,1775.2,1776.8,1783.3,1763.6
1783.3,2021-07-01,"5","07",1776.8,1771.6,1763.6,1780.7,1777.8,1776.7,1774.1,1776.8,1780.7,1763.6
1776.8,2021-06-30,"4","06",1771.6,1763.6,1780.7,1777.8,1776.7,1783.4,1774.08,1776.7,1780.7,1763.6
1771.6,2021-06-29,"3","06",1763.6,1780.7,1777.8,1776.7,1783.4,1777.4,1776.44,1777.8,1783.4,1763.6
1763.6,2021-06-28,"2","06",1780.7,1777.8,1776.7,1783.4,1777.4,1782.9,1779.2,1777.8,1783.4,1776.7
1780.7,2021-06-25,"6","06",1777.8,1776.7,1783.4,1777.4,1782.9,1769,1779.64,1777.8,1783.4,1776.7
1777.8,2021-06-24,"5","06",1776.7,1783.4,1777.4,1782.9,1769,1774.8,1777.88,1777.4,1783.4,1769
1776.7,2021-06-23,"4","06",1783.4,1777.4,1782.9,1769,1774.8,1861.4,1777.5,1777.4,1783.4,1769
1783.4,2021-06-22,"3","06",1777.4,1782.9,1769,1774.8,1861.4,1856.4,1793.1,1777.4,1861.4,1769
1777.4,2021-06-21,"2","06",1782.9,1769,1774.8,1861.4,1856.4,1865.9,1808.9,1782.9,1861.4,1769
1782.9,2021-06-18,"6","06",1769,1774.8,1861.4,1856.4,1865.9,1879.6,1825.5,1856.4,1865.9,1769
1769,2021-06-17,"5","06",1774.8,1861.4,1856.4,1865.9,1879.6,1896.4,1847.62,1861.4,1879.6,1774.8
1774.8,2021-06-16,"4","06",1861.4,1856.4,1865.9,1879.6,1896.4,1895.5,1871.94,1865.9,1896.4,1856.4
1861.4,2021-06-15,"3","06",1856.4,1865.9,1879.6,1896.4,1895.5,1894.4,1878.76,1879.6,1896.4,1856.4
1856.4,2021-06-14,"2","06",1865.9,1879.6,1896.4,1895.5,1894.4,1898.8,1886.36,1894.4,1896.4,1865.9
1865.9,2021-06-11,"6","06",1879.6,1896.4,1895.5,1894.4,1898.8,1892,1892.94,1895.5,1898.8,1879.6
1879.6,2021-06-10,"5","06",1896.4,1895.5,1894.4,1898.8,1892,1873.3,1895.42,1895.5,1898.8,1892
1896.4,2021-06-09,"4","06",1895.5,1894.4,1898.8,1892,1873.3,1909.9,1890.8,1894.4,1898.8,1873.3
1895.5,2021-06-08,"3","06",1894.4,1898.8,1892,1873.3,1909.9,1905,1893.68,1894.4,1909.9,1873.3
1894.4,2021-06-07,"2","06",1898.8,1892,1873.3,1909.9,1905,1905.3,1895.8,1898.8,1909.9,1873.3
1898.8,2021-06-04,"6","06",1892,1873.3,1909.9,1905,1905.3,1898.5,1897.1,1905,1909.9,1873.3
1892,2021-06-03,"5","06",1873.3,1909.9,1905,1905.3,1898.5,1903.8,1898.4,1905,1909.9,1873.3
1873.3,2021-06-02,"4","06",1909.9,1905,1905.3,1898.5,1903.8,1900.5,1904.5,1905,1909.9,1898.5
1909.9,2021-06-01,"3","06",1905,1905.3,1898.5,1903.8,1900.5,1886.7,1902.62,1903.8,1905.3,1898.5
1905,2021-05-28,"6","05",1905.3,1898.5,1903.8,1900.5,1886.7,1878.9,1898.96,1900.5,1905.3,1886.7
1905.3,2021-05-27,"5","05",1898.5,1903.8,1900.5,1886.7,1878.9,1883.9,1893.68,1898.5,1903.8,1878.9
1898.5,2021-05-26,"4","05",1903.8,1900.5,1886.7,1878.9,1883.9,1881.5,1890.76,1886.7,1903.8,1878.9
1903.8,2021-05-25,"3","05",1900.5,1886.7,1878.9,1883.9,1881.5,1868,1886.3,1883.9,1900.5,1878.9
1900.5,2021-05-24,"2","05",1886.7,1878.9,1883.9,1881.5,1868,1867.6,1879.8,1881.5,1886.7,1868
1886.7,2021-05-21,"6","05",1878.9,1883.9,1881.5,1868,1867.6,1838.1,1875.98,1878.9,1883.9,1867.6
1878.9,2021-05-20,"5","05",1883.9,1881.5,1868,1867.6,1838.1,1824,1867.82,1868,1883.9,1838.1
1883.9,2021-05-19,"4","05",1881.5,1868,1867.6,1838.1,1824,1822.8,1855.84,1867.6,1881.5,1824
1881.5,2021-05-18,"3","05",1868,1867.6,1838.1,1824,1822.8,1836.1,1844.1,1838.1,1868,1822.8
1868,2021-05-17,"2","05",1867.6,1838.1,1824,1822.8,1836.1,1837.6,1837.72,1836.1,1867.6,1822.8
1867.6,2021-05-14,"6","05",1838.1,1824,1822.8,1836.1,1837.6,1831.3,1831.72,1836.1,1838.1,1822.8
1838.1,2021-05-13,"5","05",1824,1822.8,1836.1,1837.6,1831.3,1815.7,1830.36,1831.3,1837.6,1822.8
1824,2021-05-12,"4","05",1822.8,1836.1,1837.6,1831.3,1815.7,1784.3,1828.7,1831.3,1837.6,1815.7
1822.8,2021-05-11,"3","05",1836.1,1837.6,1831.3,1815.7,1784.3,1776,1821,1831.3,1837.6,1784.3
1836.1,2021-05-10,"2","05",1837.6,1831.3,1815.7,1784.3,1776,1791.8,1808.98,1815.7,1837.6,1776
1837.6,2021-05-07,"6","05",1831.3,1815.7,1784.3,1776,1791.8,1767.7,1799.82,1791.8,1831.3,1776
1831.3,2021-05-06,"5","05",1815.7,1784.3,1776,1791.8,1767.7,1768.3,1787.1,1784.3,1815.7,1767.7
1815.7,2021-05-05,"4","05",1784.3,1776,1791.8,1767.7,1768.3,1773.9,1777.62,1776,1791.8,1767.7
1784.3,2021-05-04,"3","05",1776,1791.8,1767.7,1768.3,1773.9,1778.8,1775.54,1773.9,1791.8,1767.7
1776,2021-05-03,"2","05",1791.8,1767.7,1768.3,1773.9,1778.8,1780.1,1776.1,1773.9,1791.8,1767.7
1791.8,2021-04-30,"6","04",1767.7,1768.3,1773.9,1778.8,1780.1,1777.8,1773.76,1773.9,1780.1,1767.7
1767.7,2021-04-29,"5","04",1768.3,1773.9,1778.8,1780.1,1777.8,1782,1775.78,1777.8,1780.1,1768.3
1768.3,2021-04-28,"4","04",1773.9,1778.8,1780.1,1777.8,1782,1793.1,1778.52,1778.8,1782,1773.9
1773.9,2021-04-27,"3","04",1778.8,1780.1,1777.8,1782,1793.1,1778.4,1782.36,1780.1,1793.1,1777.8
1778.8,2021-04-26,"2","04",1780.1,1777.8,1782,1793.1,1778.4,1770.6,1782.28,1780.1,1793.1,1777.8
1780.1,2021-04-23,"6","04",1777.8,1782,1793.1,1778.4,1770.6,1780.2,1780.38,1778.4,1793.1,1770.6
1777.8,2021-04-22,"5","04",1782,1793.1,1778.4,1770.6,1780.2,1766.8,1780.86,1780.2,1793.1,1770.6
1782,2021-04-21,"4","04",1793.1,1778.4,1770.6,1780.2,1766.8,1736.3,1777.82,1778.4,1793.1,1766.8
1793.1,2021-04-20,"3","04",1778.4,1770.6,1780.2,1766.8,1736.3,1747.6,1766.46,1770.6,1780.2,1736.3
1778.4,2021-04-19,"2","04",1770.6,1780.2,1766.8,1736.3,1747.6,1732.7,1760.3,1766.8,1780.2,1736.3
1770.6,2021-04-16,"6","04",1780.2,1766.8,1736.3,1747.6,1732.7,1744.8,1752.72,1747.6,1780.2,1732.7
1780.2,2021-04-15,"5","04",1766.8,1736.3,1747.6,1732.7,1744.8,1758.2,1745.64,1744.8,1766.8,1732.7
1766.8,2021-04-14,"4","04",1736.3,1747.6,1732.7,1744.8,1758.2,1741.6,1743.92,1744.8,1758.2,1732.7
1736.3,2021-04-13,"3","04",1747.6,1732.7,1744.8,1758.2,1741.6,1743,1744.98,1744.8,1758.2,1732.7
1747.6,2021-04-12,"2","04",1732.7,1744.8,1758.2,1741.6,1743,1728.8,1744.06,1743,1758.2,1732.7
1732.7,2021-04-09,"6","04",1744.8,1758.2,1741.6,1743,1728.8,1728.4,1743.28,1743,1758.2,1728.8
1744.8,2021-04-08,"5","04",1758.2,1741.6,1743,1728.8,1728.4,1715.6,1740,1741.6,1758.2,1728.4
1758.2,2021-04-07,"4","04",1741.6,1743,1728.8,1728.4,1715.6,1686,1731.48,1728.8,1743,1715.6
1741.6,2021-04-06,"3","04",1743,1728.8,1728.4,1715.6,1686,1714.6,1720.36,1728.4,1743,1686
1743,2021-04-05,"2","04",1728.8,1728.4,1715.6,1686,1714.6,1734.7,1714.68,1715.6,1728.8,1686
1728.8,2021-04-01,"5","04",1728.4,1715.6,1686,1714.6,1734.7,1727.3,1715.86,1715.6,1734.7,1686
1728.4,2021-03-31,"4","03",1715.6,1686,1714.6,1734.7,1727.3,1735.5,1715.64,1715.6,1734.7,1686
1715.6,2021-03-30,"3","03",1686,1714.6,1734.7,1727.3,1735.5,1727.5,1719.62,1727.3,1735.5,1686
1686,2021-03-29,"2","03",1714.6,1734.7,1727.3,1735.5,1727.5,1740.4,1727.92,1727.5,1735.5,1714.6
1714.6,2021-03-26,"6","03",1734.7,1727.3,1735.5,1727.5,1740.4,1743.9,1733.08,1734.7,1740.4,1727.3
1734.7,2021-03-25,"5","03",1727.3,1735.5,1727.5,1740.4,1743.9,1734.6,1734.92,1735.5,1743.9,1727.3
1727.3,2021-03-24,"4","03",1735.5,1727.5,1740.4,1743.9,1734.6,1727.1,1736.38,1735.5,1743.9,1727.5
1735.5,2021-03-23,"3","03",1727.5,1740.4,1743.9,1734.6,1727.1,1730.9,1734.7,1734.6,1743.9,1727.1
1727.5,2021-03-22,"2","03",1740.4,1743.9,1734.6,1727.1,1730.9,1729.2,1735.38,1734.6,1743.9,1727.1
1740.4,2021-03-19,"6","03",1743.9,1734.6,1727.1,1730.9,1729.2,1719.8,1733.14,1730.9,1743.9,1727.1
1743.9,2021-03-18,"5","03",1734.6,1727.1,1730.9,1729.2,1719.8,1722.6,1728.32,1729.2,1734.6,1719.8
1734.6,2021-03-17,"4","03",1727.1,1730.9,1729.2,1719.8,1722.6,1721.8,1725.92,1727.1,1730.9,1719.8
1727.1,2021-03-16,"3","03",1730.9,1729.2,1719.8,1722.6,1721.8,1716.9,1724.86,1722.6,1730.9,1719.8
1730.9,2021-03-15,"2","03",1729.2,1719.8,1722.6,1721.8,1716.9,1678,1722.06,1721.8,1729.2,1716.9
1729.2,2021-03-12,"6","03",1719.8,1722.6,1721.8,1716.9,1678,1698.5,1711.82,1719.8,1722.6,1678
1719.8,2021-03-11,"5","03",1722.6,1721.8,1716.9,1678,1698.5,1700.7,1707.56,1716.9,1722.6,1678
1722.6,2021-03-10,"4","03",1721.8,1716.9,1678,1698.5,1700.7,1715.8,1703.18,1700.7,1721.8,1678
1721.8,2021-03-09,"3","03",1716.9,1678,1698.5,1700.7,1715.8,1733.6,1701.98,1700.7,1716.9,1678
1716.9,2021-03-08,"2","03",1678,1698.5,1700.7,1715.8,1733.6,1723,1705.32,1700.7,1733.6,1678
1678,2021-03-05,"6","03",1698.5,1700.7,1715.8,1733.6,1723,1728.8,1714.32,1715.8,1733.6,1698.5
1698.5,2021-03-04,"5","03",1700.7,1715.8,1733.6,1723,1728.8,1775.4,1720.38,1723,1733.6,1700.7
1700.7,2021-03-03,"4","03",1715.8,1733.6,1723,1728.8,1775.4,1797.9,1735.32,1728.8,1775.4,1715.8
1715.8,2021-03-02,"3","03",1733.6,1723,1728.8,1775.4,1797.9,1805.9,1751.74,1733.6,1797.9,1723
1733.6,2021-03-01,"2","03",1723,1728.8,1775.4,1797.9,1805.9,1808.4,1766.2,1775.4,1805.9,1723
1723,2021-02-26,"6","02",1728.8,1775.4,1797.9,1805.9,1808.4,1777.4,1783.28,1797.9,1808.4,1728.8
1728.8,2021-02-25,"5","02",1775.4,1797.9,1805.9,1808.4,1777.4,1775,1793,1797.9,1808.4,1775.4
1775.4,2021-02-24,"4","02",1797.9,1805.9,1808.4,1777.4,1775,1772.8,1792.92,1797.9,1808.4,1775
1797.9,2021-02-23,"3","02",1805.9,1808.4,1777.4,1775,1772.8,1799,1787.9,1777.4,1808.4,1772.8
1805.9,2021-02-22,"2","02",1808.4,1777.4,1775,1772.8,1799,1823.2,1786.52,1777.4,1808.4,1772.8
1808.4,2021-02-19,"6","02",1777.4,1775,1772.8,1799,1823.2,1826.8,1789.48,1777.4,1823.2,1772.8
1777.4,2021-02-18,"5","02",1775,1772.8,1799,1823.2,1826.8,1842.7,1799.36,1799,1826.8,1772.8
1775,2021-02-17,"4","02",1772.8,1799,1823.2,1826.8,1842.7,1837.5,1812.9,1823.2,1842.7,1772.8
1772.8,2021-02-16,"3","02",1799,1823.2,1826.8,1842.7,1837.5,1834.2,1825.84,1826.8,1842.7,1799
1799,2021-02-12,"6","02",1823.2,1826.8,1842.7,1837.5,1834.2,1813,1832.88,1834.2,1842.7,1823.2
1823.2,2021-02-11,"5","02",1826.8,1842.7,1837.5,1834.2,1813,1791.2,1830.84,1834.2,1842.7,1813
1826.8,2021-02-10,"4","02",1842.7,1837.5,1834.2,1813,1791.2,1835.1,1823.72,1834.2,1842.7,1791.2
1842.7,2021-02-09,"3","02",1837.5,1834.2,1813,1791.2,1835.1,1833.4,1822.2,1834.2,1837.5,1791.2
1837.5,2021-02-08,"2","02",1834.2,1813,1791.2,1835.1,1833.4,1863.9,1821.38,1833.4,1835.1,1791.2
1834.2,2021-02-05,"6","02",1813,1791.2,1835.1,1833.4,1863.9,1850.3,1827.32,1833.4,1863.9,1791.2
1813,2021-02-04,"5","02",1791.2,1835.1,1833.4,1863.9,1850.3,1841.2,1834.78,1835.1,1863.9,1791.2
1791.2,2021-02-03,"4","02",1835.1,1833.4,1863.9,1850.3,1841.2,1848.9,1844.78,1841.2,1863.9,1833.4
1835.1,2021-02-02,"3","02",1833.4,1863.9,1850.3,1841.2,1848.9,1854.8,1847.54,1848.9,1863.9,1833.4
1833.4,2021-02-01,"2","02",1863.9,1850.3,1841.2,1848.9,1854.8,1859,1851.82,1850.3,1863.9,1841.2
1863.9,2021-01-29,"6","01",1850.3,1841.2,1848.9,1854.8,1859,1859.9,1850.84,1850.3,1859,1841.2
1850.3,2021-01-28,"5","01",1841.2,1848.9,1854.8,1859,1859.9,1869.3,1852.76,1854.8,1859.9,1841.2
1841.2,2021-01-27,"4","01",1848.9,1854.8,1859,1859.9,1869.3,1870.2,1858.38,1859,1869.3,1848.9
1848.9,2021-01-26,"3","01",1854.8,1859,1859.9,1869.3,1870.2,1840.2,1862.64,1859.9,1870.2,1854.8
1854.8,2021-01-25,"2","01",1859,1859.9,1869.3,1870.2,1840.2,1829.9,1859.72,1859.9,1870.2,1840.2
1859,2021-01-22,"6","01",1859.9,1869.3,1870.2,1840.2,1829.9,1851.4,1853.9,1859.9,1870.2,1829.9
1859.9,2021-01-21,"5","01",1869.3,1870.2,1840.2,1829.9,1851.4,1854.9,1852.2,1851.4,1870.2,1829.9
1869.3,2021-01-20,"4","01",1870.2,1840.2,1829.9,1851.4,1854.9,1844.2,1849.32,1851.4,1870.2,1829.9
1870.2,2021-01-19,"3","01",1840.2,1829.9,1851.4,1854.9,1844.2,1850.8,1844.12,1844.2,1854.9,1829.9
1840.2,2021-01-15,"6","01",1829.9,1851.4,1854.9,1844.2,1850.8,1835.4,1846.24,1850.8,1854.9,1829.9
1829.9,2021-01-14,"5","01",1851.4,1854.9,1844.2,1850.8,1835.4,1913.6,1847.34,1850.8,1854.9,1835.4
1851.4,2021-01-13,"4","01",1854.9,1844.2,1850.8,1835.4,1913.6,1908.6,1859.78,1850.8,1913.6,1835.4
1854.9,2021-01-12,"3","01",1844.2,1850.8,1835.4,1913.6,1908.6,1954.4,1870.52,1850.8,1913.6,1835.4
1844.2,2021-01-11,"2","01",1850.8,1835.4,1913.6,1908.6,1954.4,1946.6,1892.56,1908.6,1954.4,1835.4
1850.8,2021-01-08,"6","01",1835.4,1913.6,1908.6,1954.4,1946.6,1895.1,1911.72,1913.6,1954.4,1835.4
1835.4,2021-01-07,"5","01",1913.6,1908.6,1954.4,1946.6,1895.1,1893.4,1923.66,1913.6,1954.4,1895.1
1913.6,2021-01-06,"4","01",1908.6,1954.4,1946.6,1895.1,1893.4,1882.9,1919.62,1908.6,1954.4,1893.4
1908.6,2021-01-05,"3","01",1954.4,1946.6,1895.1,1893.4,1882.9,1880.4,1914.48,1895.1,1954.4,1882.9
1954.4,2021-01-04,"2","01",1946.6,1895.1,1893.4,1882.9,1880.4,1883.2,1899.68,1893.4,1946.6,1880.4
1946.6,2020-12-31,"5","12",1895.1,1893.4,1882.9,1880.4,1883.2,1878.1,1887,1883.2,1895.1,1880.4
1895.1,2020-12-30,"4","12",1893.4,1882.9,1880.4,1883.2,1878.1,1870.3,1883.6,1882.9,1893.4,1878.1
1893.4,2020-12-29,"3","12",1882.9,1880.4,1883.2,1878.1,1870.3,1882.8,1878.98,1880.4,1883.2,1870.3
1882.9,2020-12-28,"2","12",1880.4,1883.2,1878.1,1870.3,1882.8,1888.9,1878.96,1880.4,1883.2,1870.3
1880.4,2020-12-24,"5","12",1883.2,1878.1,1870.3,1882.8,1888.9,1890.4,1880.66,1882.8,1888.9,1870.3
1883.2,2020-12-23,"4","12",1878.1,1870.3,1882.8,1888.9,1890.4,1859.1,1882.1,1882.8,1890.4,1870.3
1878.1,2020-12-22,"3","12",1870.3,1882.8,1888.9,1890.4,1859.1,1855.3,1878.3,1882.8,1890.4,1859.1
1870.3,2020-12-21,"2","12",1882.8,1888.9,1890.4,1859.1,1855.3,1832.1,1875.3,1882.8,1890.4,1855.3
1882.8,2020-12-18,"6","12",1888.9,1890.4,1859.1,1855.3,1832.1,1843.6,1865.16,1859.1,1890.4,1832.1
1888.9,2020-12-17,"5","12",1890.4,1859.1,1855.3,1832.1,1843.6,1837.4,1856.1,1855.3,1890.4,1832.1
1890.4,2020-12-16,"4","12",1859.1,1855.3,1832.1,1843.6,1837.4,1838.5,1845.5,1843.6,1859.1,1832.1
1859.1,2020-12-15,"3","12",1855.3,1832.1,1843.6,1837.4,1838.5,1874.9,1841.38,1838.5,1855.3,1832.1
1855.3,2020-12-14,"2","12",1832.1,1843.6,1837.4,1838.5,1874.9,1866,1845.3,1838.5,1874.9,1832.1
1832.1,2020-12-11,"6","12",1843.6,1837.4,1838.5,1874.9,1866,1840,1852.08,1843.6,1874.9,1837.4
1843.6,2020-12-10,"5","12",1837.4,1838.5,1874.9,1866,1840,1841.1,1851.36,1840,1874.9,1837.4
1837.4,2020-12-09,"4","12",1838.5,1874.9,1866,1840,1841.1,1830.2,1852.1,1841.1,1874.9,1838.5
1838.5,2020-12-08,"3","12",1874.9,1866,1840,1841.1,1830.2,1818.9,1850.44,1841.1,1874.9,1830.2
1874.9,2020-12-07,"2","12",1866,1840,1841.1,1830.2,1818.9,1780.9,1839.24,1840,1866,1818.9
1866,2020-12-04,"6","12",1840,1841.1,1830.2,1818.9,1780.9,1788.1,1822.22,1830.2,1841.1,1780.9
1840,2020-12-03,"5","12",1841.1,1830.2,1818.9,1780.9,1788.1,1811.2,1811.84,1818.9,1841.1,1780.9
1841.1,2020-12-02,"4","12",1830.2,1818.9,1780.9,1788.1,1811.2,1810.9,1805.86,1811.2,1830.2,1780.9
1830.2,2020-12-01,"3","12",1818.9,1780.9,1788.1,1811.2,1810.9,1844.1,1802,1810.9,1818.9,1780.9
1818.9,2020-11-30,"2","11",1780.9,1788.1,1811.2,1810.9,1844.1,1872.4,1807.04,1810.9,1844.1,1780.9
1780.9,2020-11-27,"6","11",1788.1,1811.2,1810.9,1844.1,1872.4,1861.5,1825.34,1811.2,1872.4,1788.1
1788.1,2020-11-25,"4","11",1811.2,1810.9,1844.1,1872.4,1861.5,1873.9,1840.02,1844.1,1872.4,1810.9
1811.2,2020-11-24,"3","11",1810.9,1844.1,1872.4,1861.5,1873.9,1885.1,1852.56,1861.5,1873.9,1810.9
1810.9,2020-11-23,"2","11",1844.1,1872.4,1861.5,1873.9,1885.1,1887.8,1867.4,1872.4,1885.1,1844.1
1844.1,2020-11-20,"6","11",1872.4,1861.5,1873.9,1885.1,1887.8,1886.2,1876.14,1873.9,1887.8,1861.5
1872.4,2020-11-19,"5","11",1861.5,1873.9,1885.1,1887.8,1886.2,1873.3,1878.9,1885.1,1887.8,1861.5
1861.5,2020-11-18,"4","11",1873.9,1885.1,1887.8,1886.2,1873.3,1861.6,1881.26,1885.1,1887.8,1873.3
1873.9,2020-11-17,"3","11",1885.1,1887.8,1886.2,1873.3,1861.6,1876.4,1878.8,1885.1,1887.8,1861.6
1885.1,2020-11-16,"2","11",1887.8,1886.2,1873.3,1861.6,1876.4,1854.4,1877.06,1876.4,1887.8,1861.6
1887.8,2020-11-13,"6","11",1886.2,1873.3,1861.6,1876.4,1854.4,1951.7,1870.38,1873.3,1886.2,1854.4
1886.2,2020-11-12,"5","11",1873.3,1861.6,1876.4,1854.4,1951.7,1946.8,1883.48,1873.3,1951.7,1854.4
1873.3,2020-11-11,"4","11",1861.6,1876.4,1854.4,1951.7,1946.8,1896.2,1898.18,1876.4,1951.7,1854.4
1861.6,2020-11-10,"3","11",1876.4,1854.4,1951.7,1946.8,1896.2,1910.4,1905.1,1896.2,1951.7,1854.4
1876.4,2020-11-09,"2","11",1854.4,1951.7,1946.8,1896.2,1910.4,1892.5,1911.9,1910.4,1951.7,1854.4
1854.4,2020-11-06,"6","11",1951.7,1946.8,1896.2,1910.4,1892.5,1879.9,1919.52,1910.4,1951.7,1892.5
1951.7,2020-11-05,"5","11",1946.8,1896.2,1910.4,1892.5,1879.9,1868,1905.16,1896.2,1946.8,1879.9
1946.8,2020-11-04,"4","11",1896.2,1910.4,1892.5,1879.9,1868,1879.2,1889.4,1892.5,1910.4,1868
1896.2,2020-11-03,"3","11",1910.4,1892.5,1879.9,1868,1879.2,1911.9,1886,1879.9,1910.4,1868
1910.4,2020-11-02,"2","11",1892.5,1879.9,1868,1879.2,1911.9,1905.7,1886.3,1879.9,1911.9,1868
1892.5,2020-10-30,"6","10",1879.9,1868,1879.2,1911.9,1905.7,1905.2,1888.94,1879.9,1911.9,1868
1879.9,2020-10-29,"5","10",1868,1879.2,1911.9,1905.7,1905.2,1904.6,1894,1905.2,1911.9,1868
1868,2020-10-28,"4","10",1879.2,1911.9,1905.7,1905.2,1904.6,1929.5,1901.32,1905.2,1911.9,1879.2
1879.2,2020-10-27,"3","10",1911.9,1905.7,1905.2,1904.6,1929.5,1915.4,1911.38,1905.7,1929.5,1904.6
1911.9,2020-10-26,"2","10",1905.7,1905.2,1904.6,1929.5,1915.4,1911.7,1912.08,1905.7,1929.5,1904.6
1905.7,2020-10-23,"6","10",1905.2,1904.6,1929.5,1915.4,1911.7,1906.4,1913.28,1911.7,1929.5,1904.6
1905.2,2020-10-22,"5","10",1904.6,1929.5,1915.4,1911.7,1906.4,1908.9,1913.52,1911.7,1929.5,1904.6
1904.6,2020-10-21,"4","10",1929.5,1915.4,1911.7,1906.4,1908.9,1907.3,1914.38,1911.7,1929.5,1906.4
1929.5,2020-10-20,"3","10",1915.4,1911.7,1906.4,1908.9,1907.3,1894.6,1909.94,1908.9,1915.4,1906.4
1915.4,2020-10-19,"2","10",1911.7,1906.4,1908.9,1907.3,1894.6,1928.9,1905.78,1907.3,1911.7,1894.6
1911.7,2020-10-16,"6","10",1906.4,1908.9,1907.3,1894.6,1928.9,1926.2,1909.22,1907.3,1928.9,1894.6
1906.4,2020-10-15,"5","10",1908.9,1907.3,1894.6,1928.9,1926.2,1895.1,1913.18,1908.9,1928.9,1894.6
1908.9,2020-10-14,"4","10",1907.3,1894.6,1928.9,1926.2,1895.1,1890.8,1910.42,1907.3,1928.9,1894.6
1907.3,2020-10-13,"3","10",1894.6,1928.9,1926.2,1895.1,1890.8,1908.8,1907.12,1895.1,1928.9,1890.8
1894.6,2020-10-12,"2","10",1928.9,1926.2,1895.1,1890.8,1908.8,1920.1,1909.96,1908.8,1928.9,1890.8
1928.9,2020-10-09,"6","10",1926.2,1895.1,1890.8,1908.8,1920.1,1907.6,1908.2,1908.8,1926.2,1890.8
1926.2,2020-10-08,"5","10",1895.1,1890.8,1908.8,1920.1,1907.6,1916.3,1904.48,1907.6,1920.1,1890.8
1895.1,2020-10-07,"4","10",1890.8,1908.8,1920.1,1907.6,1916.3,1895.5,1908.72,1908.8,1920.1,1890.8
1890.8,2020-10-06,"3","10",1908.8,1920.1,1907.6,1916.3,1895.5,1903.2,1909.66,1908.8,1920.1,1895.5
1908.8,2020-10-05,"2","10",1920.1,1907.6,1916.3,1895.5,1903.2,1882.3,1908.54,1907.6,1920.1,1895.5
1920.1,2020-10-02,"6","10",1907.6,1916.3,1895.5,1903.2,1882.3,1866.3,1900.98,1903.2,1916.3,1882.3
1907.6,2020-10-01,"5","10",1916.3,1895.5,1903.2,1882.3,1866.3,1876.9,1892.72,1895.5,1916.3,1866.3
1916.3,2020-09-30,"4","09",1895.5,1903.2,1882.3,1866.3,1876.9,1868.4,1884.84,1882.3,1903.2,1866.3
1895.5,2020-09-29,"3","09",1903.2,1882.3,1866.3,1876.9,1868.4,1907.6,1879.42,1876.9,1903.2,1866.3
1903.2,2020-09-28,"2","09",1882.3,1866.3,1876.9,1868.4,1907.6,1910.6,1880.3,1876.9,1907.6,1866.3
1882.3,2020-09-25,"6","09",1866.3,1876.9,1868.4,1907.6,1910.6,1962.1,1885.96,1876.9,1910.6,1866.3
1866.3,2020-09-24,"5","09",1876.9,1868.4,1907.6,1910.6,1962.1,1949.9,1905.12,1907.6,1962.1,1868.4
1876.9,2020-09-23,"4","09",1868.4,1907.6,1910.6,1962.1,1949.9,1970.5,1919.72,1910.6,1962.1,1868.4
1868.4,2020-09-22,"3","09",1907.6,1910.6,1962.1,1949.9,1970.5,1966.2,1940.14,1949.9,1970.5,1907.6
1907.6,2020-09-21,"2","09",1910.6,1962.1,1949.9,1970.5,1966.2,1963.7,1951.86,1962.1,1970.5,1910.6
1910.6,2020-09-18,"6","09",1962.1,1949.9,1970.5,1966.2,1963.7,1947.9,1962.48,1963.7,1970.5,1949.9
1962.1,2020-09-17,"5","09",1949.9,1970.5,1966.2,1963.7,1947.9,1964.3,1959.64,1963.7,1970.5,1947.9
1949.9,2020-09-16,"4","09",1970.5,1966.2,1963.7,1947.9,1964.3,1954.9,1962.52,1964.3,1970.5,1947.9
1970.5,2020-09-15,"3","09",1966.2,1963.7,1947.9,1964.3,1954.9,1943.2,1959.4,1963.7,1966.2,1947.9
1966.2,2020-09-14,"2","09",1963.7,1947.9,1964.3,1954.9,1943.2,1934.3,1954.8,1954.9,1964.3,1943.2
1963.7,2020-09-11,"6","09",1947.9,1964.3,1954.9,1943.2,1934.3,1937.8,1948.92,1947.9,1964.3,1934.3
1947.9,2020-09-10,"5","09",1964.3,1954.9,1943.2,1934.3,1937.8,1944.7,1946.9,1943.2,1964.3,1934.3
1964.3,2020-09-09,"4","09",1954.9,1943.2,1934.3,1937.8,1944.7,1978.9,1942.98,1943.2,1954.9,1934.3
1954.9,2020-09-08,"3","09",1943.2,1934.3,1937.8,1944.7,1978.9,1978.6,1947.78,1943.2,1978.9,1934.3
1943.2,2020-09-04,"6","09",1934.3,1937.8,1944.7,1978.9,1978.6,1974.9,1954.86,1944.7,1978.9,1934.3
1934.3,2020-09-03,"5","09",1937.8,1944.7,1978.9,1978.6,1974.9,1932.6,1962.98,1974.9,1978.9,1937.8
1937.8,2020-09-02,"4","09",1944.7,1978.9,1978.6,1974.9,1932.6,1952.5,1961.94,1974.9,1978.9,1932.6
1944.7,2020-09-01,"3","09",1978.9,1978.6,1974.9,1932.6,1952.5,1923.1,1963.5,1974.9,1978.9,1932.6
1978.9,2020-08-31,"2","08",1978.6,1974.9,1932.6,1952.5,1923.1,1939.2,1952.34,1952.5,1978.6,1923.1
1978.6,2020-08-28,"6","08",1974.9,1932.6,1952.5,1923.1,1939.2,1947,1944.46,1939.2,1974.9,1923.1
1974.9,2020-08-27,"5","08",1932.6,1952.5,1923.1,1939.2,1947,1946.5,1938.88,1939.2,1952.5,1923.1
1932.6,2020-08-26,"4","08",1952.5,1923.1,1939.2,1947,1946.5,1970.3,1941.66,1946.5,1952.5,1923.1
1952.5,2020-08-25,"3","08",1923.1,1939.2,1947,1946.5,1970.3,2013.1,1945.22,1946.5,1970.3,1923.1
1923.1,2020-08-24,"2","08",1939.2,1947,1946.5,1970.3,2013.1,1998.7,1963.22,1947,2013.1,1939.2
1939.2,2020-08-21,"6","08",1947,1946.5,1970.3,2013.1,1998.7,1949.8,1975.12,1970.3,2013.1,1946.5
1947,2020-08-20,"5","08",1946.5,1970.3,2013.1,1998.7,1949.8,1970.4,1975.68,1970.3,2013.1,1946.5
1946.5,2020-08-19,"4","08",1970.3,2013.1,1998.7,1949.8,1970.4,1949,1980.46,1970.4,2013.1,1949.8
1970.3,2020-08-18,"3","08",2013.1,1998.7,1949.8,1970.4,1949,1946.3,1976.2,1970.4,2013.1,1949
2013.1,2020-08-17,"2","08",1998.7,1949.8,1970.4,1949,1946.3,2039.7,1962.84,1949.8,1998.7,1946.3
1998.7,2020-08-14,"6","08",1949.8,1970.4,1949,1946.3,2039.7,2028,1971.04,1949.8,2039.7,1946.3
1949.8,2020-08-13,"5","08",1970.4,1949,1946.3,2039.7,2028,2069.4,1986.68,1970.4,2039.7,1946.3
1970.4,2020-08-12,"4","08",1949,1946.3,2039.7,2028,2069.4,2049.3,2006.48,2028,2069.4,1946.3
1949,2020-08-11,"3","08",1946.3,2039.7,2028,2069.4,2049.3,2021,2026.54,2039.7,2069.4,1946.3
1946.3,2020-08-10,"2","08",2039.7,2028,2069.4,2049.3,2021,1986.3,2041.48,2039.7,2069.4,2021
2039.7,2020-08-07,"6","08",2028,2069.4,2049.3,2021,1986.3,1985.9,2030.8,2028,2069.4,1986.3
2028,2020-08-06,"5","08",2069.4,2049.3,2021,1986.3,1985.9,1966.8,2022.38,2021,2069.4,1985.9
2069.4,2020-08-05,"4","08",2049.3,2021,1986.3,1985.9,1966.8,1976.7,2001.86,1986.3,2049.3,1966.8
2049.3,2020-08-04,"3","08",2021,1986.3,1985.9,1966.8,1976.7,1963.9,1987.34,1985.9,2021,1966.8
2021,2020-08-03,"2","08",1986.3,1985.9,1966.8,1976.7,1963.9,1955.4,1975.92,1976.7,1986.3,1963.9
1986.3,2020-07-31,"6","07",1985.9,1966.8,1976.7,1963.9,1955.4,1897.5,1969.74,1966.8,1985.9,1955.4
1985.9,2020-07-30,"5","07",1966.8,1976.7,1963.9,1955.4,1897.5,1890,1952.06,1963.9,1976.7,1897.5
1966.8,2020-07-29,"4","07",1976.7,1963.9,1955.4,1897.5,1890,1865.1,1936.7,1955.4,1976.7,1890
1976.7,2020-07-28,"3","07",1963.9,1955.4,1897.5,1890,1865.1,1843.9,1914.38,1897.5,1963.9,1865.1
1963.9,2020-07-27,"2","07",1955.4,1897.5,1890,1865.1,1843.9,1817.4,1890.38,1890,1955.4,1843.9
1955.4,2020-07-24,"6","07",1897.5,1890,1865.1,1843.9,1817.4,1810,1862.78,1865.1,1897.5,1817.4
1897.5,2020-07-23,"5","07",1890,1865.1,1843.9,1817.4,1810,1800.3,1845.28,1843.9,1890,1810
1890,2020-07-22,"4","07",1865.1,1843.9,1817.4,1810,1800.3,1813.8,1827.34,1817.4,1865.1,1800.3
1865.1,2020-07-21,"3","07",1843.9,1817.4,1810,1800.3,1813.8,1813.4,1817.08,1813.8,1843.9,1800.3
1843.9,2020-07-20,"2","07",1817.4,1810,1800.3,1813.8,1813.4,1814.1,1810.98,1813.4,1817.4,1800.3
1817.4,2020-07-17,"6","07",1810,1800.3,1813.8,1813.4,1814.1,1801.9,1810.32,1813.4,1814.1,1800.3
1810,2020-07-16,"5","07",1800.3,1813.8,1813.4,1814.1,1801.9,1803.8,1808.7,1813.4,1814.1,1800.3
1800.3,2020-07-15,"4","07",1813.8,1813.4,1814.1,1801.9,1803.8,1820.6,1809.4,1813.4,1814.1,1801.9
1813.8,2020-07-14,"3","07",1813.4,1814.1,1801.9,1803.8,1820.6,1809.9,1810.76,1813.4,1820.6,1801.9
1813.4,2020-07-13,"2","07",1814.1,1801.9,1803.8,1820.6,1809.9,1793.5,1810.06,1809.9,1820.6,1801.9
1814.1,2020-07-10,"6","07",1801.9,1803.8,1820.6,1809.9,1793.5,1790,1805.94,1803.8,1820.6,1793.5
1801.9,2020-07-09,"5","07",1803.8,1820.6,1809.9,1793.5,1790,1779.9,1803.56,1803.8,1820.6,1790
1803.8,2020-07-08,"4","07",1820.6,1809.9,1793.5,1790,1779.9,1800.5,1798.78,1793.5,1820.6,1779.9
1820.6,2020-07-07,"3","07",1809.9,1793.5,1790,1779.9,1800.5,1781.2,1794.76,1793.5,1809.9,1779.9
1809.9,2020-07-06,"2","07",1793.5,1790,1779.9,1800.5,1781.2,1780.3,1789.02,1790,1800.5,1779.9
1793.5,2020-07-02,"5","07",1790,1779.9,1800.5,1781.2,1780.3,1770.6,1786.38,1781.2,1800.5,1779.9
1790,2020-07-01,"4","07",1779.9,1800.5,1781.2,1780.3,1770.6,1775.1,1782.5,1780.3,1800.5,1770.6
1779.9,2020-06-30,"3","06",1800.5,1781.2,1780.3,1770.6,1775.1,1782,1781.54,1780.3,1800.5,1770.6
1800.5,2020-06-29,"2","06",1781.2,1780.3,1770.6,1775.1,1782,1766.4,1777.84,1780.3,1782,1770.6
1781.2,2020-06-26,"6","06",1780.3,1770.6,1775.1,1782,1766.4,1753,1774.88,1775.1,1782,1766.4
1780.3,2020-06-25,"5","06",1770.6,1775.1,1782,1766.4,1753,1731.1,1769.42,1770.6,1782,1753
1770.6,2020-06-24,"4","06",1775.1,1782,1766.4,1753,1731.1,1735.6,1761.52,1766.4,1782,1731.1
1775.1,2020-06-23,"3","06",1782,1766.4,1753,1731.1,1735.6,1736.5,1753.62,1753,1782,1731.1
1782,2020-06-22,"2","06",1766.4,1753,1731.1,1735.6,1736.5,1727.2,1744.52,1736.5,1766.4,1731.1
1766.4,2020-06-19,"6","06",1753,1731.1,1735.6,1736.5,1727.2,1737.3,1736.68,1735.6,1753,1727.2
1753,2020-06-18,"5","06",1731.1,1735.6,1736.5,1727.2,1737.3,1739.8,1733.54,1735.6,1737.3,1727.2
1731.1,2020-06-17,"4","06",1735.6,1736.5,1727.2,1737.3,1739.8,1720.7,1735.28,1736.5,1739.8,1727.2
1735.6,2020-06-16,"3","06",1736.5,1727.2,1737.3,1739.8,1720.7,1721.9,1732.3,1736.5,1739.8,1720.7
1736.5,2020-06-15,"2","06",1727.2,1737.3,1739.8,1720.7,1721.9,1705.1,1729.38,1727.2,1739.8,1720.7
1727.2,2020-06-12,"6","06",1737.3,1739.8,1720.7,1721.9,1705.1,1683,1724.96,1721.9,1739.8,1705.1
1737.3,2020-06-11,"5","06",1739.8,1720.7,1721.9,1705.1,1683,1727.4,1714.1,1720.7,1739.8,1683
1739.8,2020-06-10,"4","06",1720.7,1721.9,1705.1,1683,1727.4,1704.8,1711.62,1720.7,1727.4,1683
1720.7,2020-06-09,"3","06",1721.9,1705.1,1683,1727.4,1704.8,1734,1708.44,1705.1,1727.4,1683
1721.9,2020-06-08,"2","06",1705.1,1683,1727.4,1704.8,1734,1750.3,1710.86,1705.1,1734,1683
1705.1,2020-06-05,"6","06",1683,1727.4,1704.8,1734,1750.3,1736.9,1719.9,1727.4,1750.3,1683
1683,2020-06-04,"5","06",1727.4,1704.8,1734,1750.3,1736.9,1728.3,1730.68,1734,1750.3,1704.8
1727.4,2020-06-03,"4","06",1704.8,1734,1750.3,1736.9,1728.3,1726.8,1730.86,1734,1750.3,1704.8
1704.8,2020-06-02,"3","06",1734,1750.3,1736.9,1728.3,1726.8,1728.2,1735.26,1734,1750.3,1726.8
1734,2020-06-01,"2","06",1750.3,1736.9,1728.3,1726.8,1728.2,1734.6,1734.1,1728.3,1750.3,1726.8
1750.3,2020-05-29,"6","05",1736.9,1728.3,1726.8,1728.2,1734.6,1721.9,1730.96,1728.3,1736.9,1726.8
1736.9,2020-05-28,"5","05",1728.3,1726.8,1728.2,1734.6,1721.9,1750.6,1727.96,1728.2,1734.6,1721.9
1728.3,2020-05-27,"4","05",1726.8,1728.2,1734.6,1721.9,1750.6,1745.6,1732.42,1728.2,1750.6,1721.9
1726.8,2020-05-26,"3","05",1728.2,1734.6,1721.9,1750.6,1745.6,1734.4,1736.18,1734.6,1750.6,1721.9
1728.2,2020-05-22,"6","05",1734.6,1721.9,1750.6,1745.6,1734.4,1753.4,1737.42,1734.6,1750.6,1721.9
1734.6,2020-05-21,"5","05",1721.9,1750.6,1745.6,1734.4,1753.4,1740.9,1741.18,1745.6,1753.4,1721.9
1721.9,2020-05-20,"4","05",1750.6,1745.6,1734.4,1753.4,1740.9,1716.4,1744.98,1745.6,1753.4,1734.4
1750.6,2020-05-19,"3","05",1745.6,1734.4,1753.4,1740.9,1716.4,1706.8,1738.14,1740.9,1753.4,1716.4
1745.6,2020-05-18,"2","05",1734.4,1753.4,1740.9,1716.4,1706.8,1698,1730.38,1734.4,1753.4,1706.8
1734.4,2020-05-15,"6","05",1753.4,1740.9,1716.4,1706.8,1698,1709.9,1723.1,1716.4,1753.4,1698
1753.4,2020-05-14,"5","05",1740.9,1716.4,1706.8,1698,1709.9,1725.8,1714.4,1709.9,1740.9,1698
1740.9,2020-05-13,"4","05",1716.4,1706.8,1698,1709.9,1725.8,1688.5,1711.38,1709.9,1725.8,1698
1716.4,2020-05-12,"3","05",1706.8,1698,1709.9,1725.8,1688.5,1710.6,1705.8,1706.8,1725.8,1688.5
1706.8,2020-05-11,"2","05",1698,1709.9,1725.8,1688.5,1710.6,1713.3,1706.56,1709.9,1725.8,1688.5
1698,2020-05-08,"6","05",1709.9,1725.8,1688.5,1710.6,1713.3,1694.5,1709.62,1710.6,1725.8,1688.5
1709.9,2020-05-07,"5","05",1725.8,1688.5,1710.6,1713.3,1694.5,1694.2,1706.54,1710.6,1725.8,1688.5
1725.8,2020-05-06,"4","05",1688.5,1710.6,1713.3,1694.5,1694.2,1703.4,1700.22,1694.5,1713.3,1688.5
1688.5,2020-05-05,"3","05",1710.6,1713.3,1694.5,1694.2,1703.4,1722.2,1703.2,1703.4,1713.3,1694.2
1710.6,2020-05-04,"2","05",1713.3,1694.5,1694.2,1703.4,1722.2,1723.8,1705.52,1703.4,1722.2,1694.2
1713.3,2020-05-01,"6","05",1694.5,1694.2,1703.4,1722.2,1723.8,1723.5,1707.62,1703.4,1723.8,1694.2
1694.5,2020-04-30,"5","04",1694.2,1703.4,1722.2,1723.8,1723.5,1745.4,1713.42,1722.2,1723.8,1694.2
1694.2,2020-04-29,"4","04",1703.4,1722.2,1723.8,1723.5,1745.4,1738.3,1723.66,1723.5,1745.4,1703.4
1703.4,2020-04-28,"3","04",1722.2,1723.8,1723.5,1745.4,1738.3,1687.8,1730.64,1723.8,1745.4,1722.2
1722.2,2020-04-27,"2","04",1723.8,1723.5,1745.4,1738.3,1687.8,1711.2,1723.76,1723.8,1745.4,1687.8
1723.8,2020-04-24,"6","04",1723.5,1745.4,1738.3,1687.8,1711.2,1689.2,1721.24,1723.5,1745.4,1687.8
1723.5,2020-04-23,"5","04",1745.4,1738.3,1687.8,1711.2,1689.2,1731.7,1714.38,1711.2,1745.4,1687.8
1745.4,2020-04-22,"4","04",1738.3,1687.8,1711.2,1689.2,1731.7,1740.2,1711.64,1711.2,1738.3,1687.8
1738.3,2020-04-21,"3","04",1687.8,1711.2,1689.2,1731.7,1740.2,1768.9,1712.02,1711.2,1740.2,1687.8
1687.8,2020-04-20,"2","04",1711.2,1689.2,1731.7,1740.2,1768.9,1744.8,1728.24,1731.7,1768.9,1689.2
1711.2,2020-04-17,"6","04",1689.2,1731.7,1740.2,1768.9,1744.8,1736.2,1734.96,1740.2,1768.9,1689.2
1689.2,2020-04-16,"5","04",1731.7,1740.2,1768.9,1744.8,1736.2,1684.3,1744.36,1740.2,1768.9,1731.7
1731.7,2020-04-15,"4","04",1740.2,1768.9,1744.8,1736.2,1684.3,1683.7,1734.88,1740.2,1768.9,1684.3
1740.2,2020-04-14,"3","04",1768.9,1744.8,1736.2,1684.3,1683.7,1677,1723.58,1736.2,1768.9,1683.7
1768.9,2020-04-13,"2","04",1744.8,1736.2,1684.3,1683.7,1677,1633.7,1705.2,1684.3,1744.8,1677
1744.8,2020-04-09,"5","04",1736.2,1684.3,1683.7,1677,1633.7,1637.7,1682.98,1683.7,1736.2,1633.7
1736.2,2020-04-08,"4","04",1684.3,1683.7,1677,1633.7,1637.7,1591.4,1663.28,1677,1684.3,1633.7
1684.3,2020-04-07,"3","04",1683.7,1677,1633.7,1637.7,1591.4,1583.4,1644.7,1637.7,1683.7,1591.4
1683.7,2020-04-06,"2","04",1677,1633.7,1637.7,1591.4,1583.4,1643.2,1624.64,1633.7,1677,1583.4
1677,2020-04-03,"6","04",1633.7,1637.7,1591.4,1583.4,1643.2,1623.9,1617.88,1633.7,1643.2,1583.4
1633.7,2020-04-02,"5","04",1637.7,1591.4,1583.4,1643.2,1623.9,1660.3,1615.92,1623.9,1643.2,1583.4
1637.7,2020-04-01,"4","04",1591.4,1583.4,1643.2,1623.9,1660.3,1634.3,1620.44,1623.9,1660.3,1583.4
1591.4,2020-03-31,"3","03",1583.4,1643.2,1623.9,1660.3,1634.3,1660.2,1629.02,1634.3,1660.3,1583.4
1583.4,2020-03-30,"2","03",1643.2,1623.9,1660.3,1634.3,1660.2,1572.7,1644.38,1643.2,1660.3,1623.9
1643.2,2020-03-27,"6","03",1623.9,1660.3,1634.3,1660.2,1572.7,1484,1630.28,1634.3,1660.3,1572.7
1623.9,2020-03-26,"5","03",1660.3,1634.3,1660.2,1572.7,1484,1479.3,1602.3,1634.3,1660.3,1484
1660.3,2020-03-25,"4","03",1634.3,1660.2,1572.7,1484,1479.3,1477.9,1566.1,1572.7,1660.2,1479.3
1634.3,2020-03-24,"3","03",1660.2,1572.7,1484,1479.3,1477.9,1524.9,1534.82,1484,1660.2,1477.9
1660.2,2020-03-23,"2","03",1572.7,1484,1479.3,1477.9,1524.9,1486.5,1507.76,1484,1572.7,1477.9
1572.7,2020-03-20,"6","03",1484,1479.3,1477.9,1524.9,1486.5,1516.7,1490.52,1484,1524.9,1477.9
1484,2020-03-19,"5","03",1479.3,1477.9,1524.9,1486.5,1516.7,1590.3,1497.06,1486.5,1524.9,1477.9
1479.3,2020-03-18,"4","03",1477.9,1524.9,1486.5,1516.7,1590.3,1642.3,1519.26,1516.7,1590.3,1477.9
1477.9,2020-03-17,"3","03",1524.9,1486.5,1516.7,1590.3,1642.3,1659.1,1552.14,1524.9,1642.3,1486.5
1524.9,2020-03-16,"2","03",1486.5,1516.7,1590.3,1642.3,1659.1,1675.7,1578.98,1590.3,1659.1,1486.5
1486.5,2020-03-13,"6","03",1516.7,1590.3,1642.3,1659.1,1675.7,1672.4,1616.82,1642.3,1675.7,1516.7
1516.7,2020-03-12,"5","03",1590.3,1642.3,1659.1,1675.7,1672.4,1666.4,1647.96,1659.1,1675.7,1590.3
1590.3,2020-03-11,"4","03",1642.3,1659.1,1675.7,1672.4,1666.4,1643,1663.18,1666.4,1675.7,1642.3
1642.3,2020-03-10,"3","03",1659.1,1675.7,1672.4,1666.4,1643,1642.1,1663.32,1666.4,1675.7,1643
1659.1,2020-03-09,"2","03",1675.7,1672.4,1666.4,1643,1642.1,1592.3,1659.92,1666.4,1675.7,1642.1
1675.7,2020-03-06,"6","03",1672.4,1666.4,1643,1642.1,1592.3,1564.1,1643.24,1643,1672.4,1592.3
1672.4,2020-03-05,"5","03",1666.4,1643,1642.1,1592.3,1564.1,1642.5,1621.58,1642.1,1666.4,1564.1
1666.4,2020-03-04,"4","03",1643,1642.1,1592.3,1564.1,1642.5,1643.1,1616.8,1642.1,1643,1564.1
1643,2020-03-03,"3","03",1642.1,1592.3,1564.1,1642.5,1643.1,1650,1616.82,1642.1,1643.1,1564.1
1642.1,2020-03-02,"2","03",1592.3,1564.1,1642.5,1643.1,1650,1676.6,1618.4,1642.5,1650,1564.1
1592.3,2020-02-28,"6","02",1564.1,1642.5,1643.1,1650,1676.6,1644.6,1635.26,1643.1,1676.6,1564.1
1564.1,2020-02-27,"5","02",1642.5,1643.1,1650,1676.6,1644.6,1620.5,1651.36,1644.6,1676.6,1642.5
1642.5,2020-02-26,"4","02",1643.1,1650,1676.6,1644.6,1620.5,1611.8,1646.96,1644.6,1676.6,1620.5
1643.1,2020-02-25,"3","02",1650,1676.6,1644.6,1620.5,1611.8,1600,1640.7,1644.6,1676.6,1611.8
1650,2020-02-24,"2","02",1676.6,1644.6,1620.5,1611.8,1600,1582.7,1630.7,1620.5,1676.6,1600
1676.6,2020-02-21,"6","02",1644.6,1620.5,1611.8,1600,1582.7,1578.8,1611.92,1611.8,1644.6,1582.7
1644.6,2020-02-20,"5","02",1620.5,1611.8,1600,1582.7,1578.8,1571.6,1598.76,1600,1620.5,1578.8
1620.5,2020-02-19,"4","02",1611.8,1600,1582.7,1578.8,1571.6,1565.6,1588.98,1582.7,1611.8,1571.6
1611.8,2020-02-18,"3","02",1600,1582.7,1578.8,1571.6,1565.6,1579.5,1579.74,1578.8,1600,1565.6
1600,2020-02-14,"6","02",1582.7,1578.8,1571.6,1565.6,1579.5,1568.6,1575.64,1578.8,1582.7,1565.6
1582.7,2020-02-13,"5","02",1578.8,1571.6,1565.6,1579.5,1568.6,1570,1572.82,1571.6,1579.5,1565.6
1578.8,2020-02-12,"4","02",1571.6,1565.6,1579.5,1568.6,1570,1562.8,1571.06,1570,1579.5,1565.6
1571.6,2020-02-11,"3","02",1565.6,1579.5,1568.6,1570,1562.8,1555.5,1569.3,1568.6,1579.5,1562.8
1565.6,2020-02-10,"2","02",1579.5,1568.6,1570,1562.8,1555.5,1582.4,1567.28,1568.6,1579.5,1555.5
1579.5,2020-02-07,"6","02",1568.6,1570,1562.8,1555.5,1582.4,1582.9,1567.86,1568.6,1582.4,1555.5
1568.6,2020-02-06,"5","02",1570,1562.8,1555.5,1582.4,1582.9,1589.2,1570.72,1570,1582.9,1555.5
1570,2020-02-05,"4","02",1562.8,1555.5,1582.4,1582.9,1589.2,1576,1574.56,1582.4,1589.2,1555.5
1562.8,2020-02-04,"3","02",1555.5,1582.4,1582.9,1589.2,1576,1575.8,1577.2,1582.4,1589.2,1555.5
1555.5,2020-02-03,"2","02",1582.4,1582.9,1589.2,1576,1575.8,1583.7,1581.26,1582.4,1589.2,1575.8
1582.4,2020-01-31,"6","01",1582.9,1589.2,1576,1575.8,1583.7,1571.1,1581.52,1582.9,1589.2,1575.8
1582.9,2020-01-30,"5","01",1589.2,1576,1575.8,1583.7,1571.1,1571.6,1579.16,1576,1589.2,1571.1
1589.2,2020-01-29,"4","01",1576,1575.8,1583.7,1571.1,1571.6,1556.7,1575.64,1575.8,1583.7,1571.1
1576,2020-01-28,"3","01",1575.8,1583.7,1571.1,1571.6,1556.7,1556.4,1571.78,1571.6,1583.7,1556.7
1575.8,2020-01-27,"2","01",1583.7,1571.1,1571.6,1556.7,1556.4,1558.8,1567.9,1571.1,1583.7,1556.4
1583.7,2020-01-24,"6","01",1571.1,1571.6,1556.7,1556.4,1558.8,1550.5,1562.92,1558.8,1571.6,1556.4
1571.1,2020-01-23,"5","01",1571.6,1556.7,1556.4,1558.8,1550.5,1554,1558.8,1556.7,1571.6,1550.5
1571.6,2020-01-22,"4","01",1556.7,1556.4,1558.8,1550.5,1554,1544.6,1555.28,1556.4,1558.8,1550.5
1556.7,2020-01-21,"3","01",1556.4,1558.8,1550.5,1554,1544.6,1550.6,1552.86,1554,1558.8,1544.6
1556.4,2020-01-17,"6","01",1558.8,1550.5,1554,1544.6,1550.6,1557.5,1551.7,1550.6,1558.8,1544.6
1558.8,2020-01-16,"5","01",1550.5,1554,1544.6,1550.6,1557.5,1554.3,1551.44,1550.6,1557.5,1544.6
1550.5,2020-01-15,"4","01",1554,1544.6,1550.6,1557.5,1554.3,1560.2,1552.2,1554,1557.5,1544.6
1554,2020-01-14,"3","01",1544.6,1550.6,1557.5,1554.3,1560.2,1574.3,1553.44,1554.3,1560.2,1544.6
1544.6,2020-01-13,"2","01",1550.6,1557.5,1554.3,1560.2,1574.3,1568.8,1559.38,1557.5,1574.3,1550.6
1550.6,2020-01-10,"6","01",1557.5,1554.3,1560.2,1574.3,1568.8,1549.2,1563.02,1560.2,1574.3,1554.3
1557.5,2020-01-09,"5","01",1554.3,1560.2,1574.3,1568.8,1549.2,1528.1,1561.36,1560.2,1574.3,1549.2
